price,area,bedrooms,bathrooms,stories,mainroad,guestroom,basement,hotwaterheating,airconditioning,parking,prefarea,furnishingstatus
7788623,5811,4,1,1,yes,no,no,no,yes,2,yes,furnished
2017972,2893,1,1,3,yes,no,yes,no,no,2,no,unfurnished
5238751,6778,3,2,1,yes,no,no,no,no,0,yes,unfurnished
7761882,7191,3,3,1,yes,no,yes,no,yes,0,no,unfurnished
4526731,1650,3,1,1,yes,no,no,no,no,1,yes,unfurnished
3088687,2324,4,1,2,yes,no,no,no,no,1,yes,unfurnished
4863417,5427,3,2,3,yes,no,no,no,no,0,no,furnished
2813301,4464,4,1,1,yes,no,no,no,yes,0,no,unfurnished
4526660,5114,4,2,3,no,yes,no,no,no,0,no,unfurnished
7222503,3299,3,1,3,yes,no,no,no,yes,3,yes,unfurnished
5739402,7058,4,1,3,no,no,no,no,no,0,yes,furnished
4902925,6838,3,2,1,yes,no,no,no,no,2,no,furnished
2163265,5293,4,1,1,yes,no,yes,no,no,0,no,unfurnished
5861962,7596,3,1,3,yes,no,yes,no,yes,2,no,furnished
5416991,6164,3,1,1,yes,yes,no,no,no,0,no,semi-furnished
4092625,3285,3,1,2,no,yes,yes,no,yes,0,no,semi-furnished
4746692,5950,2,1,2,yes,yes,no,no,no,2,yes,furnished
2404208,3069,3,1,1,yes,no,no,no,no,2,no,furnished
5626092,7056,4,4,3,yes,yes,no,no,no,0,no,unfurnished
5683480,5042,3,4,4,no,no,yes,no,no,0,no,unfurnished
4744920,4749,2,1,2,yes,no,no,no,no,0,no,unfurnished
3969758,3672,3,1,1,yes,no,no,yes,no,0,yes,semi-furnished
6877990,7803,2,1,3,yes,no,no,no,no,0,no,furnished
5376952,4815,1,3,2,no,no,yes,no,no,2,no,semi-furnished
4376841,4221,5,1,2,yes,yes,no,no,yes,0,no,semi-furnished
4373014,4386,3,1,3,yes,no,yes,no,no,1,no,furnished
2615512,6305,3,1,2,no,yes,no,no,yes,0,no,unfurnished
5270999,5943,3,1,1,yes,yes,yes,no,no,0,yes,unfurnished
4990334,6046,1,1,1,yes,no,no,no,yes,1,no,semi-furnished
7861739,6085,2,1,1,yes,yes,yes,no,yes,0,yes,semi-furnished
7499419,9797,4,2,2,yes,no,no,no,no,1,no,semi-furnished
5648868,4268,3,2,2,yes,no,yes,no,yes,0,yes,furnished
5538099,4038,6,2,2,yes,no,no,no,no,2,no,furnished
2408965,3384,3,1,1,yes,no,no,no,no,1,no,semi-furnished
5140087,6487,3,1,3,yes,no,no,no,yes,2,no,semi-furnished
7849103,7600,4,1,3,yes,no,yes,no,yes,0,yes,semi-furnished
3776491,4903,4,2,1,yes,no,yes,yes,no,0,no,unfurnished
5575805,3327,4,1,2,yes,no,yes,yes,yes,0,no,furnished
5422242,3361,5,2,2,yes,no,no,no,yes,1,no,furnished
7101699,6562,4,1,2,yes,no,no,no,yes,0,yes,furnished
5661107,6763,4,2,1,yes,no,yes,no,no,0,no,furnished
6711052,6329,2,1,3,yes,yes,no,no,yes,0,no,semi-furnished
5620125,3706,4,1,4,no,no,yes,no,yes,0,no,unfurnished
6684143,5654,3,1,2,yes,no,no,no,no,0,yes,unfurnished
4587942,5403,3,1,3,yes,no,no,no,no,0,no,semi-furnished
7310151,5625,3,1,4,yes,no,no,no,yes,0,yes,semi-furnished
8196392,7041,5,1,1,yes,no,no,no,yes,1,yes,furnished
5165804,5635,6,1,2,no,no,no,no,no,0,yes,semi-furnished
5054907,6623,3,2,2,yes,no,no,yes,no,0,no,semi-furnished
6156317,5297,4,1,4,yes,no,yes,no,no,1,no,unfurnished
5298264,5777,4,1,1,yes,no,no,no,no,1,no,semi-furnished
5900224,6520,3,2,1,yes,yes,no,no,yes,0,no,furnished
2271408,1988,2,1,3,yes,yes,no,no,no,1,no,semi-furnished
4944694,4456,1,1,1,yes,no,yes,no,no,3,no,furnished
5274598,4129,4,2,3,no,no,yes,no,no,1,no,unfurnished
5426461,3764,3,2,1,yes,no,no,no,yes,2,no,furnished
6550387,4553,6,1,4,yes,no,no,no,yes,1,yes,furnished
7667177,8394,3,2,3,yes,no,no,no,yes,0,no,furnished
3672112,3271,5,1,1,yes,no,no,no,yes,0,no,unfurnished
4271082,7251,3,1,3,yes,yes,no,yes,no,1,no,semi-furnished
2432042,1650,4,1,1,yes,yes,yes,no,no,3,no,semi-furnished
4763084,4423,2,1,2,yes,yes,no,no,yes,0,no,semi-furnished
3325865,5503,3,1,2,yes,no,yes,no,no,0,no,furnished
6741066,6422,4,1,3,yes,no,yes,no,yes,1,no,unfurnished
6419892,6693,5,1,1,yes,no,yes,no,yes,0,no,furnished
5106138,6872,4,1,1,no,no,no,no,no,1,no,furnished
2958812,4393,1,1,2,yes,no,no,no,no,0,no,semi-furnished
4067562,4147,3,1,2,yes,no,no,no,no,1,no,furnished
6273001,7012,1,1,2,yes,no,no,yes,no,2,yes,furnished
3252954,4735,2,1,1,yes,no,no,no,yes,1,no,unfurnished
4173169,2382,3,1,1,yes,no,no,no,yes,1,no,semi-furnished
3166352,2691,4,1,3,yes,no,no,no,no,1,no,furnished
5348648,3155,4,1,1,yes,no,no,no,no,2,no,semi-furnished
5503451,6229,4,1,1,no,no,no,no,no,2,no,unfurnished
7133930,5459,4,2,4,yes,no,no,no,yes,0,no,furnished
4291331,6648,4,1,1,yes,no,no,no,no,1,no,furnished
5877382,4223,1,4,2,yes,no,no,no,no,0,no,semi-furnished
3983791,5494,2,1,1,no,yes,no,yes,yes,2,no,semi-furnished
4134373,6508,3,1,3,no,no,no,no,yes,1,no,unfurnished
2398621,4479,4,1,2,yes,no,yes,no,no,0,no,semi-furnished
5741503,6141,1,1,3,yes,yes,no,no,no,0,yes,furnished
1750000,3714,3,2,1,yes,no,no,no,no,0,no,semi-furnished
6057718,4362,3,3,2,yes,yes,no,no,no,1,yes,semi-furnished
4127627,4322,1,2,3,yes,no,no,no,no,0,no,furnished
3177673,2555,3,1,1,yes,no,yes,no,yes,0,no,semi-furnished
3375216,6207,4,1,1,yes,yes,no,no,no,2,no,furnished
3893506,4131,3,1,1,yes,no,yes,no,yes,1,no,unfurnished
5928234,5177,2,1,4,yes,no,no,no,no,0,no,unfurnished
7403205,6193,4,1,2,yes,no,yes,no,yes,0,yes,semi-furnished
5189679,6119,3,1,2,yes,no,no,no,yes,3,no,unfurnished
4271132,6594,4,1,2,yes,no,no,no,no,1,no,unfurnished
5964807,4936,3,2,2,yes,no,no,no,no,1,yes,furnished
3899065,4231,3,1,2,yes,no,yes,yes,no,0,yes,semi-furnished
2391210,4977,3,1,1,yes,no,no,no,no,0,no,semi-furnished
3093524,1650,2,1,2,yes,no,no,no,no,0,no,furnished
1750000,2010,4,1,1,yes,no,no,no,no,1,no,semi-furnished
3072904,2280,2,1,3,yes,no,no,no,no,0,yes,furnished
4420980,2986,2,1,3,yes,no,yes,no,no,0,yes,unfurnished
3895570,6018,3,1,1,yes,no,no,no,no,1,no,semi-furnished
2614996,3185,4,1,2,yes,yes,yes,no,no,2,yes,unfurnished
5377434,4329,4,2,1,yes,no,yes,no,no,1,yes,semi-furnished
6244960,7969,6,1,4,yes,no,no,no,no,0,no,furnished
3999569,4377,3,1,3,yes,yes,no,no,no,0,no,unfurnished
8024795,6750,3,1,3,yes,no,yes,no,yes,0,no,furnished
6383189,3124,2,1,1,yes,no,yes,no,yes,0,yes,furnished
4674614,4704,3,1,1,yes,yes,yes,no,no,1,no,semi-furnished
6417046,3088,6,1,1,yes,yes,yes,no,yes,0,no,semi-furnished
3862036,4414,4,1,1,yes,no,no,no,no,1,no,semi-furnished
4521730,6973,3,1,1,yes,no,yes,no,no,2,no,furnished
4526740,1650,3,1,1,no,yes,no,no,yes,3,no,semi-furnished
4029824,6093,4,1,4,yes,no,yes,no,no,0,no,furnished
5657406,5666,3,2,1,yes,no,yes,no,yes,0,no,furnished
2043892,3861,2,1,1,yes,no,no,no,no,0,no,semi-furnished
2953025,2012,3,1,3,yes,no,yes,no,no,0,no,furnished
5067031,5307,2,2,2,yes,no,no,no,yes,0,no,semi-furnished
3953492,4001,2,1,3,yes,no,no,no,yes,0,no,semi-furnished
5608573,5655,1,1,2,yes,no,no,no,yes,1,no,unfurnished
4605029,5197,3,2,3,yes,no,no,no,no,0,no,furnished
4695399,8626,3,1,2,yes,yes,yes,no,yes,2,no,semi-furnished
1879463,4631,3,1,2,yes,no,no,yes,no,0,no,furnished
2722914,2929,3,1,2,yes,yes,no,no,yes,0,no,unfurnished
2513408,5539,5,1,1,yes,no,no,no,no,0,no,furnished
6597763,5627,4,1,1,no,yes,yes,no,yes,0,yes,furnished
5010519,8099,3,1,2,yes,no,no,no,no,0,no,semi-furnished
6849319,6962,3,1,1,yes,no,yes,no,yes,3,no,furnished
4950882,5924,4,1,3,yes,no,yes,no,no,0,no,furnished
5638403,8325,2,1,1,yes,no,no,no,no,0,no,furnished
4187796,2570,3,1,1,yes,yes,yes,no,yes,1,no,semi-furnished
2859719,3762,4,1,1,yes,no,yes,no,no,0,no,semi-furnished
6407732,3139,3,2,3,yes,no,yes,no,yes,1,no,semi-furnished
5297093,4304,4,1,1,yes,no,no,no,no,0,yes,unfurnished
3034555,2163,3,1,2,yes,no,yes,no,no,2,no,semi-furnished
5722832,6528,3,1,3,yes,no,no,no,no,0,no,unfurnished
1934772,4668,3,1,1,yes,yes,yes,no,yes,0,no,unfurnished
3351897,1958,2,1,2,yes,no,no,no,yes,1,no,unfurnished
5111530,2946,3,1,1,yes,yes,yes,no,yes,2,yes,unfurnished
5921283,5830,2,1,1,yes,no,no,no,yes,0,no,semi-furnished
8168375,6969,4,2,2,yes,no,yes,no,yes,1,no,semi-furnished
5092681,9483,3,2,3,yes,no,yes,no,no,0,no,semi-furnished
8799827,11473,3,1,1,yes,no,yes,no,no,0,yes,furnished
2759135,6049,4,1,2,yes,no,yes,no,no,0,no,semi-furnished
1750000,3003,4,1,1,no,no,yes,no,no,1,no,furnished
3098714,1650,3,1,2,yes,no,no,no,yes,0,no,furnished
3658814,5731,3,1,2,yes,yes,no,no,no,1,no,unfurnished
4853703,3386,6,2,2,yes,no,yes,no,yes,0,yes,semi-furnished
4184458,4249,3,1,2,no,no,no,no,no,2,no,semi-furnished
4564642,3822,4,2,1,yes,no,no,no,no,2,no,semi-furnished
4478522,4844,4,1,2,yes,yes,yes,no,no,0,no,semi-furnished
8141005,7463,4,4,2,no,no,no,no,no,0,yes,unfurnished
4906637,5491,2,1,2,yes,no,yes,no,yes,0,no,semi-furnished
3418093,4806,3,1,1,no,no,yes,no,no,2,no,semi-furnished
5227255,2903,2,1,1,yes,yes,no,no,yes,0,no,semi-furnished
1750000,1650,3,2,1,yes,no,no,no,no,1,no,semi-furnished
3332956,4095,5,1,1,yes,no,no,no,no,0,yes,semi-furnished
5469401,5033,3,2,1,yes,no,no,no,yes,1,no,unfurnished
3758550,8986,3,1,1,no,no,no,no,no,0,no,semi-furnished
5113540,5433,1,3,2,yes,no,yes,no,no,0,no,semi-furnished
7292784,7283,5,1,1,no,no,yes,no,yes,3,yes,semi-furnished
2760454,4067,2,1,3,yes,no,yes,no,no,0,no,semi-furnished
4597649,2579,1,3,2,yes,no,yes,yes,no,2,no,unfurnished
4801669,3056,2,1,2,no,no,yes,yes,no,0,yes,unfurnished
2655654,3576,2,1,2,yes,yes,no,no,no,0,no,semi-furnished
6899785,9769,3,1,2,no,yes,yes,no,no,2,yes,semi-furnished
5568795,3368,3,1,2,yes,no,yes,no,yes,1,yes,semi-furnished
4809964,6970,3,1,3,yes,no,no,no,no,1,no,furnished
1750000,3191,1,1,2,yes,no,no,no,no,0,no,semi-furnished
4863794,7172,2,1,2,yes,no,no,no,no,0,no,unfurnished
5802699,5985,3,2,2,yes,yes,yes,no,no,0,yes,semi-furnished
4851735,4810,2,1,2,yes,no,no,no,no,1,no,furnished
3787093,5062,3,1,1,yes,no,yes,no,no,0,no,unfurnished
4126246,3729,2,1,2,yes,no,no,no,no,0,no,unfurnished
2948556,6118,3,1,2,yes,yes,yes,yes,no,0,no,furnished
3087073,4163,3,1,3,yes,no,yes,no,no,0,no,semi-furnished
2043342,2490,3,2,2,yes,no,no,no,no,0,no,semi-furnished
4033149,2377,1,2,2,no,no,yes,no,no,0,yes,unfurnished
7212605,5525,2,1,4,yes,no,yes,no,yes,2,no,furnished
9409831,8577,4,1,2,yes,no,no,no,yes,1,yes,furnished
2230607,5497,1,1,1,yes,no,yes,yes,no,0,no,semi-furnished
4346782,4893,3,1,1,yes,no,no,no,no,1,yes,furnished
3777204,5770,3,1,1,yes,no,no,no,no,2,no,semi-furnished
6258886,7984,3,1,1,yes,no,yes,no,yes,0,no,unfurnished
2923110,5626,3,1,1,yes,no,no,no,yes,0,no,furnished
1750000,4258,4,1,2,yes,no,yes,no,no,0,no,semi-furnished
5051046,7551,4,1,2,yes,no,no,no,no,0,no,unfurnished
4604561,6080,2,1,1,yes,no,yes,no,yes,1,yes,semi-furnished
5046063,8483,3,1,2,yes,no,yes,no,no,3,no,semi-furnished
3562252,5548,2,1,1,yes,no,yes,yes,no,0,no,semi-furnished
5172726,2493,3,1,4,no,no,no,no,no,1,yes,furnished
3094302,2181,3,1,1,yes,no,no,no,yes,0,no,furnished
4872103,8733,2,1,2,yes,no,no,no,no,1,no,semi-furnished
7328371,8890,3,1,1,yes,no,no,no,no,1,yes,semi-furnished
3674406,4760,5,1,2,yes,no,no,no,no,0,no,semi-furnished
4986543,4318,1,1,1,yes,no,no,no,yes,0,yes,furnished
7452543,8321,3,2,2,yes,no,no,no,no,1,yes,unfurnished
3997329,2748,4,2,1,no,no,no,no,no,3,no,furnished
6025597,3208,2,1,3,yes,no,no,no,yes,0,no,unfurnished
4925644,6546,1,1,2,yes,no,no,no,no,0,no,semi-furnished
4408037,4294,2,1,2,yes,no,no,no,no,0,no,semi-furnished
4287773,5139,4,2,3,yes,no,yes,no,no,1,no,furnished
4949717,4795,1,1,4,yes,no,no,no,yes,1,no,furnished
4335480,5883,2,2,1,yes,yes,yes,no,no,1,no,semi-furnished
5802107,8204,1,1,1,yes,no,no,no,yes,1,no,semi-furnished
2667715,5347,2,1,1,no,no,no,no,no,2,no,furnished
5265674,6547,3,1,1,no,yes,no,no,no,1,no,semi-furnished
4216352,1650,2,1,2,yes,no,no,no,yes,0,no,semi-furnished
6772802,5044,3,1,4,yes,no,no,no,yes,1,yes,furnished
5316111,3320,3,1,4,yes,no,yes,no,yes,0,no,semi-furnished
2664999,2505,4,1,2,no,no,no,no,no,0,no,furnished
4682308,3244,1,2,2,yes,no,no,no,no,2,no,semi-furnished
2404193,4425,4,1,3,yes,no,yes,no,no,1,no,furnished
6672299,7138,3,1,4,yes,no,yes,no,yes,3,no,semi-furnished
4716201,2272,2,1,1,yes,yes,yes,no,yes,0,yes,semi-furnished
6484362,5216,4,2,2,yes,no,no,no,yes,1,no,semi-furnished
2803142,4099,4,1,3,no,no,no,no,no,0,no,semi-furnished
2784449,4439,2,2,1,yes,no,no,no,no,0,yes,unfurnished
4565220,7326,4,1,1,no,no,no,no,no,0,yes,semi-furnished
7552512,6318,3,1,4,yes,no,no,no,yes,1,yes,unfurnished
5475724,8052,3,1,4,yes,no,no,no,no,0,no,furnished
5776048,4815,6,1,3,yes,no,no,no,no,2,no,semi-furnished
4671546,3640,3,2,3,yes,no,no,no,no,0,no,furnished
4610410,4664,4,1,1,yes,no,yes,no,no,0,yes,semi-furnished
3601529,5676,3,1,1,yes,no,no,no,no,1,no,semi-furnished
6518043,5533,4,3,2,yes,no,no,no,no,0,no,unfurnished
5284630,2797,3,3,2,yes,no,no,no,yes,2,no,semi-furnished
4525036,5346,2,2,2,yes,no,no,no,no,1,no,semi-furnished
5421642,5645,3,1,2,yes,no,no,no,yes,0,yes,furnished
7126366,10613,3,1,1,yes,yes,yes,no,no,1,no,furnished
7936159,9223,2,2,2,no,no,no,no,yes,1,no,unfurnished
4677637,3298,1,1,1,yes,no,yes,no,yes,1,yes,furnished
4466465,4526,3,1,1,yes,no,no,no,yes,2,no,furnished
4938731,1974,1,2,1,yes,no,yes,no,no,1,yes,unfurnished
4123841,3868,2,1,1,yes,yes,no,no,no,1,yes,unfurnished
3626229,5835,4,1,3,yes,no,no,no,no,0,no,semi-furnished
6807866,7767,4,3,1,no,no,yes,no,yes,1,no,semi-furnished
3267522,3568,4,1,1,yes,no,no,no,no,2,no,unfurnished
2778966,3731,3,1,2,yes,yes,no,no,no,1,no,furnished
3059242,1650,4,1,2,yes,yes,no,no,yes,1,no,semi-furnished
3248678,4797,3,1,1,yes,no,yes,no,no,0,yes,semi-furnished
2522541,2845,2,1,1,yes,no,yes,no,no,1,no,unfurnished
3959197,4001,2,2,1,yes,yes,no,no,no,3,no,unfurnished
3282092,3247,3,2,2,yes,yes,no,no,no,0,no,semi-furnished
3345671,4945,2,1,1,yes,no,no,no,no,0,no,furnished
3941002,1650,3,1,1,yes,yes,yes,no,yes,1,no,semi-furnished
4947705,1967,6,2,1,yes,no,no,no,no,0,yes,furnished
7726129,9770,1,1,2,yes,no,no,no,no,1,yes,unfurnished
1818850,2356,1,1,1,yes,no,yes,no,no,0,no,furnished
2306402,2770,6,1,3,yes,no,no,no,no,0,no,furnished
6793204,9136,3,1,1,yes,yes,yes,no,yes,1,yes,unfurnished
8537523,11454,2,1,2,yes,no,no,no,yes,1,yes,semi-furnished
3615010,2608,4,1,1,yes,no,no,no,yes,1,no,unfurnished
5041134,4351,4,1,1,yes,no,no,no,yes,1,yes,furnished
6570277,5891,3,1,1,yes,no,no,no,yes,1,yes,unfurnished
4662963,8901,3,1,3,no,no,yes,no,no,1,no,furnished
1750000,3009,2,1,3,yes,no,yes,no,no,1,no,furnished
4008966,4618,1,1,1,yes,no,yes,no,no,1,no,semi-furnished
3647125,6837,3,1,1,yes,no,no,no,no,1,no,furnished
4682026,6093,3,1,3,yes,no,no,no,yes,0,no,semi-furnished
2116433,4334,3,1,2,yes,yes,yes,no,no,0,no,furnished
4964236,4860,4,1,1,yes,no,yes,no,yes,1,no,furnished
3714628,2166,1,1,1,yes,no,yes,no,no,2,no,unfurnished
5212786,4633,3,2,2,yes,no,no,yes,yes,1,no,furnished
3094677,4572,2,1,2,yes,no,no,no,no,0,no,semi-furnished
5866312,5654,4,2,2,yes,no,no,yes,no,1,no,unfurnished
5076454,3945,2,3,4,yes,no,no,no,no,0,yes,furnished
6129529,6173,3,1,2,yes,no,yes,no,no,1,no,unfurnished
6960260,7348,3,1,1,no,no,no,no,no,2,no,furnished
3268202,5487,3,2,2,yes,no,no,no,yes,1,no,semi-furnished
3635957,5913,3,1,1,yes,no,yes,no,no,1,no,furnished
2562353,5265,4,1,1,yes,no,no,no,no,0,no,unfurnished
2968228,5150,3,1,1,yes,no,yes,no,no,0,no,semi-furnished
2516895,3584,4,1,1,no,no,no,no,no,2,no,semi-furnished
4833299,5837,6,1,2,yes,no,no,no,no,1,no,unfurnished
5581810,4939,3,4,1,yes,no,no,no,no,0,no,semi-furnished
5929733,9692,3,3,1,yes,no,no,no,no,0,no,unfurnished
7564695,8564,1,1,2,yes,no,yes,no,yes,0,yes,unfurnished
7169324,5987,4,1,2,yes,no,no,no,yes,0,yes,unfurnished
3243759,3494,3,1,3,yes,no,no,no,yes,0,no,unfurnished
2062886,2736,3,2,3,yes,no,no,no,no,0,no,unfurnished
8241443,7735,2,1,2,yes,no,no,no,yes,2,no,furnished
6429973,5720,4,2,1,yes,no,yes,no,yes,0,yes,unfurnished
5953287,6192,3,2,2,yes,yes,no,no,yes,0,no,unfurnished
1750000,1650,3,1,2,yes,no,no,no,no,0,no,semi-furnished
5876548,7163,2,1,1,yes,no,yes,no,yes,0,no,furnished
9199910,6136,5,2,1,yes,no,no,no,yes,1,yes,unfurnished
2800734,2740,2,1,1,yes,no,no,no,no,0,no,furnished
4534975,4127,2,1,2,yes,no,no,no,yes,1,yes,semi-furnished
3119117,5722,4,2,1,yes,no,no,no,no,1,no,semi-furnished
4381915,5264,4,1,1,yes,no,no,no,no,0,yes,furnished
5018487,4516,2,1,3,no,yes,no,no,no,1,yes,unfurnished
3916549,4925,3,1,3,yes,no,yes,no,no,2,yes,furnished
3822601,4603,4,1,1,yes,no,no,no,no,0,no,semi-furnished
5875699,5481,4,3,3,yes,no,no,yes,yes,0,no,unfurnished
7677362,8343,3,1,1,yes,no,no,no,yes,2,no,semi-furnished
5833633,1650,3,1,3,yes,no,no,no,yes,2,no,unfurnished
5158866,4636,4,1,4,yes,no,no,no,yes,1,no,furnished
5712833,5533,4,3,1,no,no,no,no,no,1,no,unfurnished
3840693,5792,4,1,2,yes,no,no,no,yes,0,no,unfurnished
6757736,4343,3,2,4,yes,no,no,no,yes,1,no,furnished
1904808,1650,2,1,3,yes,no,no,no,no,0,no,semi-furnished
4254805,5862,4,2,4,no,no,yes,no,no,0,no,semi-furnished
7967825,8898,4,3,2,yes,no,no,yes,yes,1,no,semi-furnished
3829492,1822,4,2,1,yes,no,no,no,yes,2,no,unfurnished
6795341,7025,2,2,3,no,yes,no,no,yes,2,no,semi-furnished
6953220,4437,2,1,2,yes,yes,no,no,yes,0,yes,semi-furnished
5061832,5017,4,2,2,no,no,no,no,no,0,yes,furnished
4368323,2865,1,1,1,yes,no,no,no,no,2,no,semi-furnished
2283020,4424,5,1,2,yes,no,yes,no,no,2,no,unfurnished
7063250,7971,3,2,1,yes,no,no,no,no,1,no,furnished
6447369,6414,4,3,2,yes,no,no,no,no,1,yes,semi-furnished
4810767,8909,4,1,1,yes,no,yes,no,no,0,no,furnished
5385904,7705,3,1,2,yes,yes,yes,no,yes,0,no,unfurnished
5179531,6103,3,1,3,yes,no,no,no,yes,0,no,semi-furnished
5943637,8934,3,1,2,yes,no,no,no,no,0,no,semi-furnished
5453087,6103,3,1,2,yes,no,no,no,no,0,no,furnished
6788265,6947,3,1,1,yes,yes,yes,no,yes,2,no,semi-furnished
4767664,4506,3,1,4,yes,yes,no,no,yes,0,no,unfurnished
5047735,5294,5,1,2,yes,no,no,no,yes,0,no,semi-furnished
4095462,3637,3,2,1,no,no,no,no,yes,1,no,semi-furnished
3143190,7297,2,1,1,yes,no,no,no,no,0,no,unfurnished
1862759,2593,3,2,1,yes,no,yes,no,no,0,no,semi-furnished
4008587,6848,3,1,2,yes,no,no,no,no,1,no,semi-furnished
7018726,4736,2,1,4,yes,no,yes,no,yes,0,yes,semi-furnished
5638825,7692,2,1,2,yes,no,no,no,yes,1,yes,furnished
4230826,6779,3,1,1,yes,no,yes,no,no,2,no,unfurnished
8748445,9101,3,3,3,yes,no,no,no,no,0,no,unfurnished
6631031,6736,5,1,1,no,no,yes,no,yes,2,no,unfurnished
3465196,1739,2,1,3,yes,yes,no,no,yes,2,no,unfurnished
2985227,5005,2,2,1,yes,no,no,no,no,2,no,semi-furnished
4824770,2607,4,3,2,no,no,no,no,no,1,no,semi-furnished
1750000,4025,4,1,3,no,no,yes,no,no,1,no,semi-furnished
5900334,8429,2,1,1,yes,no,yes,no,no,1,no,unfurnished
4100273,6533,2,1,2,yes,no,no,no,no,1,no,unfurnished
5387160,3633,2,1,4,yes,no,no,no,no,0,no,semi-furnished
2192035,2950,3,1,1,yes,no,no,no,yes,2,no,semi-furnished
4360966,5221,3,1,1,yes,no,no,no,no,1,no,unfurnished
3373691,2510,2,2,2,yes,no,no,no,no,1,no,unfurnished
3540429,3694,1,1,1,yes,no,no,no,yes,0,no,unfurnished
3647497,5827,3,1,1,yes,no,yes,no,no,0,yes,semi-furnished
5201688,7657,5,1,2,yes,no,no,no,no,0,no,furnished
6883957,6471,3,2,2,yes,yes,no,no,yes,0,no,semi-furnished
5048128,1650,3,1,1,yes,no,no,no,no,0,yes,semi-furnished
5368250,5810,2,2,1,yes,no,no,no,no,0,no,unfurnished
4194625,5306,2,2,3,yes,no,no,no,no,0,no,semi-furnished
3106297,6048,3,1,2,no,no,no,no,no,1,no,semi-furnished
3977449,8657,4,1,3,no,yes,no,no,no,0,no,semi-furnished
3776224,1650,4,1,1,no,no,yes,no,no,3,no,semi-furnished
4375966,3867,4,1,4,yes,no,no,no,no,0,yes,semi-furnished
6421670,6432,6,2,2,no,no,no,no,no,0,no,furnished
2316632,1718,6,1,1,yes,no,no,no,no,0,no,unfurnished
6578163,8353,5,2,3,yes,no,no,no,no,1,no,semi-furnished
3581712,5949,2,1,2,yes,yes,yes,no,no,0,no,semi-furnished
4845213,6987,2,1,1,yes,no,yes,no,no,1,no,furnished
5807149,3911,3,1,1,yes,yes,yes,no,yes,2,yes,semi-furnished
3925507,6916,3,1,2,yes,yes,no,no,no,0,no,unfurnished
6582985,7469,2,1,1,no,no,yes,no,no,1,yes,unfurnished
4551128,5655,4,1,1,yes,no,no,no,yes,0,no,furnished
2648445,5659,3,1,1,no,no,no,yes,no,0,no,unfurnished
4079367,5737,3,1,1,yes,no,no,no,no,0,no,unfurnished
3632354,3277,2,1,1,yes,no,yes,no,yes,0,no,semi-furnished
6187510,4830,2,2,2,yes,no,no,no,yes,1,no,furnished
2820120,4819,2,1,1,yes,no,yes,no,no,1,no,semi-furnished
2553319,5982,4,1,1,yes,no,no,no,no,1,no,unfurnished
7449474,7320,3,1,2,yes,no,yes,no,yes,0,no,semi-furnished
3994871,2853,4,1,1,no,no,yes,no,no,1,no,semi-furnished
5822965,4879,3,1,2,yes,yes,yes,yes,no,0,yes,unfurnished
4195489,8365,3,1,1,yes,yes,no,no,no,0,no,unfurnished
4804802,3536,3,4,1,yes,no,yes,no,no,0,no,semi-furnished
4046047,3366,4,1,1,yes,no,no,no,no,1,no,unfurnished
5423550,5589,4,1,2,yes,yes,no,no,no,3,yes,furnished
3369884,6982,2,1,1,yes,no,no,no,no,0,no,unfurnished
5935735,5175,5,1,3,yes,no,yes,no,no,1,no,furnished
5826602,8034,2,1,1,yes,no,yes,no,yes,1,no,furnished
7712205,7009,4,1,2,yes,no,no,no,yes,2,no,unfurnished
4351948,6977,2,1,2,yes,no,yes,no,yes,1,no,furnished
4436025,6352,2,1,1,yes,no,no,no,no,1,no,furnished
9625503,10201,4,3,2,yes,no,no,no,no,1,no,semi-furnished
4935851,4705,2,1,1,yes,yes,no,no,no,2,yes,semi-furnished
3848996,1650,3,2,1,yes,no,yes,no,no,0,yes,furnished
5137268,8631,3,1,1,yes,no,no,no,yes,2,no,semi-furnished
4538283,4157,2,1,3,yes,no,yes,no,no,0,no,unfurnished
4731152,5384,4,2,4,yes,no,no,no,no,2,no,unfurnished
7081831,7992,4,1,1,yes,no,yes,no,yes,0,yes,furnished
2958158,1673,4,2,2,yes,no,no,no,yes,0,no,semi-furnished
6719175,2434,3,1,2,no,no,no,no,yes,0,yes,unfurnished
2928385,1675,3,1,1,yes,no,yes,no,no,0,no,furnished
5217755,3427,2,2,3,no,no,yes,no,yes,0,no,furnished
2799531,6104,2,1,2,yes,no,yes,no,no,0,no,furnished
5886447,6287,2,1,3,yes,no,yes,no,no,0,no,semi-furnished
4079068,5750,5,1,4,yes,yes,yes,no,no,0,no,furnished
1750000,2084,4,1,1,yes,no,no,no,no,1,no,unfurnished
4810882,1650,4,3,1,yes,yes,no,no,yes,2,yes,unfurnished
3136595,5268,3,1,2,yes,no,yes,yes,no,1,no,furnished
1750000,4126,3,1,1,yes,no,no,no,no,0,no,semi-furnished
3878919,6147,3,2,1,yes,no,yes,yes,no,0,no,furnished
7187069,6673,3,1,4,yes,yes,no,no,yes,2,no,furnished
2983600,5450,3,1,1,yes,no,yes,no,no,0,no,unfurnished
4601273,6799,2,1,2,no,no,no,no,no,0,no,semi-furnished
6468405,5647,2,1,3,yes,no,no,no,yes,2,yes,unfurnished
6891169,6300,5,1,1,yes,no,yes,no,yes,2,yes,semi-furnished
6081721,3621,3,1,2,yes,yes,yes,no,yes,0,no,furnished
3860714,4760,5,1,4,yes,no,no,no,no,1,no,semi-furnished
5616769,5577,2,1,2,yes,yes,no,no,no,0,yes,furnished
4095493,6931,3,1,1,yes,no,no,no,no,1,yes,unfurnished
6744426,4296,2,2,1,yes,no,no,no,no,0,yes,semi-furnished
4190813,6281,2,1,4,yes,no,no,no,no,0,no,semi-furnished
4221194,4573,1,1,1,yes,no,no,no,no,1,no,semi-furnished
7772720,4895,2,3,2,yes,yes,no,no,yes,0,yes,semi-furnished
6030579,6950,4,1,1,yes,yes,no,no,yes,1,no,unfurnished
2434012,1650,3,1,1,yes,no,no,no,no,0,no,furnished
2919100,2337,3,1,4,yes,no,yes,no,no,2,no,furnished
4974186,1934,3,1,2,yes,no,no,yes,no,1,yes,furnished
2814015,1650,3,2,4,yes,no,yes,no,no,0,no,semi-furnished
4422694,3678,3,2,1,no,no,yes,no,no,1,no,semi-furnished
5095715,6776,2,1,2,yes,yes,no,no,yes,0,no,furnished
5462998,4532,6,1,3,no,yes,yes,no,no,0,yes,semi-furnished
4201187,5579,4,1,1,no,no,yes,no,yes,0,no,semi-furnished
6135856,7514,4,1,1,yes,no,yes,no,no,2,yes,furnished
4368326,8031,3,1,3,yes,no,no,no,no,2,no,unfurnished
6527557,5000,2,1,1,yes,no,no,no,yes,2,yes,semi-furnished
6440728,8087,5,1,2,yes,no,yes,no,yes,2,no,semi-furnished
4096846,5350,3,1,4,yes,no,yes,no,no,2,no,semi-furnished
2414832,3333,1,1,1,yes,no,no,yes,no,0,no,semi-furnished
3185204,3860,3,1,1,yes,no,no,no,no,2,no,unfurnished
4197183,1937,4,1,1,yes,no,yes,no,yes,1,yes,semi-furnished
2294901,3223,3,1,1,no,no,no,no,no,0,no,semi-furnished
4431108,4373,4,2,1,yes,no,no,no,no,1,yes,unfurnished
6631213,6894,4,1,2,yes,no,yes,no,no,0,no,unfurnished
6710399,8884,2,2,1,no,no,no,no,no,0,no,unfurnished
4066514,2151,5,1,2,yes,no,no,no,no,0,yes,furnished
5612953,6002,3,2,1,yes,no,no,no,no,0,no,furnished
1805388,2892,3,1,1,no,no,no,no,no,0,yes,semi-furnished
2967920,6180,1,1,1,yes,no,no,no,no,2,yes,semi-furnished
3214429,4866,6,1,2,yes,no,no,no,no,1,no,semi-furnished
1750000,1650,3,1,2,yes,no,no,no,no,1,no,unfurnished
3842274,7164,2,1,1,no,no,no,yes,no,0,no,semi-furnished
4777197,3837,3,1,3,yes,no,no,no,yes,0,no,semi-furnished
5236634,3991,2,1,2,yes,no,no,no,yes,0,no,semi-furnished
1750000,2829,2,1,1,yes,no,no,no,no,2,no,furnished
5176231,3730,3,1,3,yes,no,yes,no,no,0,yes,semi-furnished
3817570,6079,3,1,1,yes,no,yes,no,no,1,no,unfurnished
5087889,4739,5,1,1,yes,no,no,no,no,1,yes,semi-furnished
3512688,5863,3,1,2,no,no,no,no,no,1,no,unfurnished
5305835,5935,4,1,1,yes,no,yes,no,no,2,no,semi-furnished
5583211,8016,3,1,1,yes,yes,no,no,yes,0,no,unfurnished
7474702,4406,3,2,2,yes,no,yes,no,yes,2,no,furnished
2126511,1945,3,2,1,yes,no,no,no,no,1,no,unfurnished
7018547,7466,3,1,3,yes,no,no,no,yes,1,no,unfurnished
4011352,4431,5,1,4,yes,no,yes,no,no,1,no,furnished
5451238,7569,3,2,2,yes,no,no,no,no,2,no,semi-furnished
7624755,5982,2,4,2,yes,no,yes,no,no,3,no,unfurnished
5884127,4865,3,1,2,yes,no,no,no,yes,0,yes,furnished
2878975,5907,4,2,4,yes,no,yes,no,no,1,no,unfurnished
4228412,9384,1,2,1,yes,no,no,no,yes,1,no,unfurnished
7248362,9657,3,2,1,no,yes,no,no,no,0,no,unfurnished
7956678,5301,4,1,2,yes,no,yes,no,yes,2,yes,semi-furnished
5586501,5498,4,1,2,no,no,yes,no,no,0,no,semi-furnished
4376172,7485,6,1,1,no,no,yes,yes,no,1,no,unfurnished
2739665,3315,3,1,2,yes,no,no,no,yes,0,no,semi-furnished
5867076,5873,3,1,1,no,no,no,no,yes,0,yes,furnished
4220905,5094,3,1,3,yes,yes,no,no,no,2,no,furnished
3761982,5831,5,1,1,yes,no,no,no,yes,0,no,unfurnished
5372215,3342,3,1,1,yes,no,no,no,yes,0,no,semi-furnished
4873923,1701,4,2,1,yes,no,no,no,no,0,no,furnished
2241281,1650,3,1,1,yes,no,no,no,no,0,no,semi-furnished
2383636,2725,3,1,1,yes,no,no,no,no,1,no,unfurnished
4230133,4155,4,2,1,yes,no,no,no,no,2,yes,semi-furnished
5362314,4514,3,2,1,yes,no,no,no,no,0,no,unfurnished
7804987,9354,4,4,1,yes,no,no,no,no,1,no,unfurnished
4801836,7550,3,2,1,yes,yes,yes,no,no,0,no,unfurnished
3867214,3062,3,2,1,yes,no,yes,no,no,1,no,unfurnished
4214388,5905,3,1,1,yes,no,no,no,yes,0,no,furnished
4509015,4267,3,1,1,yes,yes,yes,no,no,0,yes,semi-furnished
1750000,4533,3,1,1,yes,no,no,no,no,0,no,furnished
7418927,5552,2,1,1,yes,yes,no,no,yes,1,yes,unfurnished
4543069,6494,2,2,1,yes,no,no,no,no,0,no,furnished
7152681,4414,3,1,2,yes,no,no,no,yes,0,yes,semi-furnished
5141644,7459,3,1,4,yes,no,yes,no,no,1,no,unfurnished
4126040,2672,3,1,3,yes,no,no,yes,yes,1,no,furnished
2346563,5164,1,1,2,yes,no,yes,no,no,0,no,unfurnished
6860297,10787,3,1,2,yes,no,no,no,no,1,no,furnished
2920440,5634,2,1,1,yes,no,no,no,no,2,no,semi-furnished
6792778,8260,4,2,3,yes,no,no,no,yes,0,no,semi-furnished
6567627,5349,4,1,2,yes,no,no,no,yes,1,yes,semi-furnished
5373424,6410,2,2,3,yes,no,no,no,no,0,no,semi-furnished
3545243,5027,3,1,3,yes,no,no,no,yes,1,no,unfurnished
2846794,4780,2,1,1,yes,no,no,no,no,0,no,semi-furnished
5318010,3459,2,1,2,yes,yes,no,no,no,1,yes,semi-furnished
5986942,6084,2,2,3,yes,no,yes,no,yes,0,no,unfurnished
2232108,3302,3,1,1,yes,no,yes,no,no,0,no,unfurnished
7351886,6594,3,2,3,yes,yes,no,no,no,2,yes,furnished
6846140,7505,4,1,1,no,no,yes,no,yes,0,yes,unfurnished
3856384,5945,2,1,4,yes,no,no,no,no,2,no,furnished
6215834,4529,3,2,3,yes,no,no,no,yes,3,no,semi-furnished
5000773,6135,4,1,1,yes,no,no,no,no,2,no,semi-furnished
2220424,4480,5,1,2,no,no,yes,no,no,0,no,unfurnished
5591118,7180,3,3,1,yes,no,no,no,no,1,no,furnished
1750000,1650,2,1,3,no,yes,yes,no,no,0,no,furnished
5758622,4422,3,1,3,yes,no,no,no,yes,0,no,unfurnished
2350642,1650,3,1,2,yes,no,no,no,no,2,no,furnished
1840320,1906,5,1,3,yes,no,yes,no,no,1,no,semi-furnished
7098466,8110,3,2,1,yes,no,yes,no,no,1,yes,unfurnished
3695460,7093,3,2,1,yes,yes,yes,no,no,0,no,semi-furnished
1750000,3589,1,1,1,no,yes,no,no,no,1,no,furnished
1750000,1890,3,2,1,yes,no,no,no,no,1,no,semi-furnished
2196221,1650,4,1,1,no,no,yes,no,no,0,yes,unfurnished
4455158,3971,3,1,1,yes,no,yes,no,no,2,no,semi-furnished
4705722,10402,3,1,1,yes,no,no,no,no,0,no,furnished
8145705,6094,5,4,1,yes,no,yes,no,no,0,yes,furnished
2706819,3936,4,1,3,yes,no,no,no,no,1,no,semi-furnished
6206314,6159,3,1,1,yes,yes,no,no,yes,3,no,unfurnished
1750000,1763,3,1,3,yes,no,no,no,no,0,no,semi-furnished
5101328,4505,3,2,1,yes,no,no,no,yes,0,no,furnished
3376571,5366,3,1,1,yes,yes,no,no,no,0,no,semi-furnished
7412265,4963,3,1,2,yes,yes,no,no,yes,2,no,furnished
5834145,6866,2,1,1,yes,yes,yes,no,yes,0,no,furnished
4454256,5898,4,1,1,yes,no,yes,no,no,0,yes,unfurnished
5387049,6600,5,1,2,yes,no,no,no,no,3,no,unfurnished
4743694,3656,4,1,1,yes,no,yes,no,no,0,no,furnished
2601524,7098,5,1,1,yes,no,no,no,no,1,no,semi-furnished
6945218,8685,4,1,2,yes,no,no,no,yes,0,yes,furnished
3142002,3045,4,2,1,yes,yes,no,no,no,1,no,furnished
2646992,3224,4,1,3,yes,no,yes,no,no,0,no,semi-furnished
4117823,8049,3,1,1,no,yes,no,no,no,0,no,semi-furnished
4414468,4735,3,3,4,yes,no,no,no,no,0,no,unfurnished
7986276,8196,2,1,3,no,no,yes,no,yes,1,no,unfurnished
2547191,4190,3,1,4,yes,no,no,no,no,1,no,furnished
5848727,8307,3,2,3,yes,no,no,no,no,0,no,unfurnished
5648531,5435,2,1,1,yes,no,no,no,yes,0,no,semi-furnished
4118015,5710,3,1,2,yes,no,no,no,no,2,no,furnished
3679506,8545,3,1,1,yes,no,yes,no,no,0,no,unfurnished
4944624,4365,2,1,3,yes,no,no,no,yes,0,yes,furnished
2645361,3108,4,1,2,yes,no,no,no,no,1,no,semi-furnished
4817310,4177,4,1,1,yes,yes,yes,no,yes,0,yes,unfurnished
7240671,6132,2,1,3,yes,no,no,no,yes,0,yes,furnished
1750000,1752,1,1,1,yes,no,yes,no,no,0,no,unfurnished
6196896,6533,3,1,2,yes,no,yes,no,yes,0,no,furnished
5457570,3981,4,2,2,yes,no,no,no,yes,1,no,unfurnished
5499056,7641,4,2,1,yes,no,yes,no,no,1,no,furnished
5804077,1650,2,2,2,yes,no,no,no,yes,1,no,furnished
2718265,3443,4,1,3,yes,no,yes,no,no,0,no,semi-furnished
1750000,1650,2,1,1,yes,no,no,no,no,2,no,unfurnished
5002176,3357,3,1,2,yes,no,yes,no,yes,0,yes,furnished
3446013,5687,6,1,1,yes,no,no,no,no,1,no,unfurnished
6898655,4761,2,2,2,yes,no,yes,no,yes,0,yes,furnished
3851302,4600,2,1,1,yes,no,no,no,no,1,yes,semi-furnished
